text,class
correct predictions in back to the future ii URL,0
.@whitehouse in rainbow colors for #scotusmarriage? here's what i think about that decision: URL,1
cops bought the alleged church shooter burger king hours after killings URL,0
üî•ca kkk grand wizard üî• endorses @hillaryclinton #neverhillary #trump2016 URL,0
an open letter to trump voters from his top strategist-turned-defector URL via @xojanedotcom,0
god put a rainbow over the white house üåà URL,1
craigslist ad: ‚Äòget paid $15 an hour to protest at the trump rally‚Äô - URL URL,0
#quasimodo: dog with short spine has big heart URL URL,1
need to #getcovered? most people can find a health insurance plan for as little as $75/mo: URL URL,1
#wakeupamericaüá∫üá∏ who needs a #gun registry when #obama has all your personal information URL URL,0
japan's economy minister akira amari resigns over corruption allegations URL,1
german shepherd with a rare spinal condition looking for a forever home. URL URL,1
several hostages freed at jewish supermarket in paris. photo thomas samson #afp URL,1
"hostage-taker in supermarket siege killed, reports say. #parisattacks URL URL",1
in heaven chick-fil-a is open on sundays.,0
the 5 most accurate predictions from the decade-jumping adventures in #backtothefuture: URL URL,0
apologies if you've already seen a crow riding a bald eagle today. image: phoo chan story: URL URL,1
"oh, you invented the pencil? #appleevent URL",1
"the canadian soldier killed in today's ottawa shooting is cpl. nathan cirillo, a family source told cnn. live blog: URL",1
"""thoughts and prayers are not enough."" pres. obama speaks on mass shootings over the years: URL URL",0
five hostages escape sydney cafe siege ‚Äî live updates from @buzzfeedoz URL URL,1
"when she heard about south korean ""comfort women,"" @yunghi photographed some survivors URL URL",1
translucent butterfly - beautiful! URL,0
everyone mad at bruce for his sex change but no one gave ashit about that nerd minkus changing into chanel west coast URL,0
family: @schwarzenegger's last act as governor stole justice from dead son. URL URL,0
why have there been more mass shootings under obama than the 4 previous presidents combined? URL URL,0
reports: #charliehebdo suspects killed URL,1
"the kissing islands, greenland. URL",0
police chief says dylann roof was taken to burger king shortly after arrest URL,0
"steve jobs was adopted. his biological father was abdulfattah jandali, a syrian muslim.",0
russian olympic officials concerned after learning team‚Äôs clean urine reservoir almost empty URL URL,1
it's 2016. women should earn the same pay as men for doing the same work. URL #equalpay URL,1
breaking update: canadian soldier injured at parliament hill shooting dies URL #ottawa,1
cops bought burger king for dylann roof following his arrest URL URL,0
update: total of 5 people have been able to get out of sydney cafe during hostage situation: URL URL,1
".@berniesanders: in 2016, ""we will end institutional racism and reform a broken criminal justice system.‚Äù #demdebate",0
"""our high school graduation rate is at an all-time high."" ‚Äî@potus URL URL",1
florida couple arrested for selling fake real estate on the moon #wtf15 üëâüèøüëâ URL URL,0
"""i hate writing; i love having written."" dorothy parker was born on this day in 1893: URL",1
"watch one direction's original #xfactoruk auditions from 2010, where it all began URL URL",1
"steve jobs was adopted. his biological father was abdulfattah jandali, a syrian muslim.",0
donald trump v adolf hitler URL,0
"target boycott crosses 1 million signers, stock sinks by $1.5 billion URL",0
shooting in canadian parliament comes day after isis-inspired radical drove in2 canadian soldier. also reports of shooting at war memorial/1,1
ca grand dragon endorses hillary clinton on behalf of the kkk. #trump2016 URL URL,0
"landmarks around world turn purple, in honor of #prince. #princerip #purplerain URL",0
"""you're increasingly compared to hitler. does that bother you?"" trump: ""no."" URL",0
#breaking - at least five hostages in paris kosher supermarket: (afp) URL #vincennes URL,1
target ceo responds to nationwide boycott of the store over transgender bathroom policy URL URL,0
"oh, i'm so ready to watch @zaynmalik's #pillowtalk on mtv tonight at 8:15p. URL URL",1
jeb bush campaign kicks off 3-state farewell tour with iowa town hall meeting URL URL,1
happy #backtothefuture day! how did 'back to the future: part ii' score on 2015 predictions? URL URL,0
an 11-month old baby is among the hostages at the kosher supermarket in paris. unbearably sad. URL,1
"rudy giuliani rips @hillaryclinton for dragging colin powell into email scandal: ""she lies every day."" URL",1
an openly gay man said that he and his partner met with pope francis a day before kim davis did URL,1
update - afp says gunman who has taken a hostage at kosher supermarket in paris believed to be suspect in killing of policewoman on thursday,1
isis claims responsibility for triple bombing that killed at least 45 people and injured more than 100 near damascus. URL,1
"solo cups have been red for decades. if starbucks was taking a shot at christmas, solo shot first.",0
the @whitehouse is rainbow-colored tonight in celebration of scotus same-sex marriage ruling. URL URL,1
ben carson: what happened to blacks during slavery is why i am pro-life on abortion today URL URL,0
"anonymous to kkk: you can hood, but you can't hide. #opkkk #hoodsoff URL",0
an open letter to @realdonaldtrump from his top strategist-turned-defector: URL URL,0
‚Äòel chapo‚Äô threatens #isis: ‚Äòmy men will destroy you‚Äô - URL URL,0
uber intros surge pricing in downtown sydney during hostage siege URL URL,1
avoid 5p bag charge using these from @trolleybagsuk enter here to #win a set with @star100x URL URL,0
chiefs te travis kelce will have his own reality tv dating show: URL URL,1
#breaking gunman in policewoman killing suspected in new paris hostage-taking: source,1
a new cnn/orc poll finds @hillaryclinton ahead of @realdonaldtrump by just 6 points URL URL,0
paramedics are currently carrying out a number of hostages in #martinpl. #sydneysiege #9news,1
"at least 12 killed in today's attack on satirical magazine #charliehebdo in paris, official says. URL",1
latest starving 'refugees' from #syria . these guys look like friggin soldiers to me! URL,0
white house lit in rainbow colors after gay marriage ruling URL URL,1
"poor women in india are fighting for the right to have a job. ""when you start working, your heart opens up."" URL",1
"dearborn michigan, this morning. pro isis rally. spread the word, the fit is about to hit the shan here in the us. URL",0
#ausopen: british number one andy murray beats australia's sam groth 6-0 6-4 6-1 scores: URL URL,1
saliha is one of the first women ever to stand for election in saudi arabia: watch her story URL URL,1
while @cnn is talking about #irandeal nasa confirms earth will experience 15 days of darkness in november 2015 URL,0
10 'back to the future' predictions that came true URL URL,0
1.15 million americans have been killed by guns since john lennon's death URL URL,1
"after arrest, dylann roof was hungry. police bought him food from burger king. more details: URL URL",0
police move in: police confirm live ammunition used in martin place #sydneysiege,1
pathetic little twat can‚Äôt wait to argue over 5p bag¬†charge URL URL,0
icymi: joseph pena squatted 875 pounds. he's 17 years old ... URL,1
"two shot in paris, including traffic cop, as manhunt continues for #charliehebdo suspects URL URL",1
warning syrian refugees hv arrived in neworlean &they r here 2stay ur funds r being well invested in one-way tickets URL,0
sacha baron cohen and his wife donate $1 million to syrian refugees URL URL,1
trayvon martin at space camp in florida. #blacklivesmatter URL,1
"steve jobs was adopted. his biological father was abdulfattah jandali, a syrian muslim.",0
hillary clinton strategist bob beckel called for wikileaks editor julian assange to be assassinated: i do not... URL,0
this is the face of female jihadist #tashfeenmalik could pass for a widow or orphanüò§#norefugees #islamistheproblem URL,0
"""laziness is a trait in blacks,"" 1991 book quotes trump as saying: URL URL",0
us trying to locate americans missing in baghdad after al-arabiya reports they may have been kidnapped by militias URL,1
"today, the @deptofdefense took steps to expand paid leave for military moms and dads ‚Üí URL URL",1
"""laziness is a trait in blacks,"" 1991 book quotes trump as saying: URL URL",0
"man held at disneyland paris carrying ""low-calibre"" guns & copy of koran - police sources URL URL",1
el chapo vs isis: mexican cartel boss threatens islamic state over drug trade URL URL,0
adolf hitler vs donald trump URL,0
.@berniesanders is pulling magic tricks out of a hat in nevada. we just officially won! URL,0
#opkkk releases 500+ names and reveals unexpected #plottwist URL URL,0
breaking @skybusiness: freed hostage borne high from #sydneysiege w/c.4 paramedic teams on the scene URL ( carsonscottli,1
"in celebrity death hoax news, james earl jones is not dead. URL URL",0
"the terps do it again! no. 8 maryland knocks off no. 3 iowa 74-68, has beaten 5 of its last 7 top-5 opponents. URL",1
"uber says it has hiked prices in sydney to ""encourage more drivers to come online & pick up passengers."" URL #sydneysiege",1
the big one: 'large scale motion' detected along san andreas fault URL URL,0
do these look like the faces of a homeless couple caught living in a walmart attic for 2 years? URL,0
"""the dave i know is polite, modest, and content. jumbotron dave is crass and loud."" URL URL",1
donald trump and adolf hitler. two sides of the same coin. #racism #fascism URL,0
#nhl cancels tonight's game between #ottawa and #toronto due to today's shootings. senators were to host maple leafs.,1
jay z and beyonc√© want to buy rights to the confederate flag: URL URL,0
"the people have spoken: there is now a petition for @snoopdogg to narrate ""planet earth"" URL URL",1
the white house is lit up rainbow. URL,1
colorado mcdonald‚Äôs offers first marijuana friendly smoking section in restaurant - URL,0
"breaking: 1st load of 10,000 syrian refugees arrived in new orleans URL #makeamericagreatagain URL",0
ohio police say an officer was served a sandwich containing glass shards at a restaurant. URL,0
"the myth of zouheir, a ""hero muslim security guard"" in paris URL (via @bbctrending) URL",0
leading causes of death in the u.s.: 1. heart disease 2. cancer 3. medical error URL URL,0
"because target believes men can pee with girls, their stock has taken a huge hit. good. keep boycotting target. URL",0
jindal demands info about refugees entering new orleans... URL,0
"breaking: police enter #lindt cafe, hostages flee URL #sydneysiege URL",1
apple announces most profitable quarter in u.s. history‚Äîand the end of unprecedented growth URL URL,1
.@caitlyn_jenner will reportedly pose nude for sports illustrated URL URL,0
president obama announces ban on solitary confinement for juveniles in federal prisons - washington post URL,1
"fbi uncovers nearly 15,000 more emails and materials sent to or from hillary clinton. URL URL",1
donald trump is the new adolf hitler URL,0
‚òÜ‚òÜcraigslist ad allegedly posted by bernie supporters offered $15 to protest at trump's rally in wisconsin. trump already creating jobs!,0
".@hillaryclinton is ahead of @berniesanders by 19 percentage points, in a new cbs news poll released sunday. URL",0
well done scotland! 5p carrier bag charge 1 yr old today - 80% cut in usage - 650m less bags -¬£6.7m for good causes. URL,0
unreal: watch what happens when desperate muslim refugees are offered red cross food URL URL,0
"letter to trump voters from his top strategist-turned-defector - i don‚Äôt know if this is real, but it‚Äôs believable. URL",0
"the father of steve jobs, the ground-breaking founder of apple, was a refugee from syria URL URL",0
"up to 100 masked men, dressed in black, involved in ""migrant attack"" in stockholm URL URL",1
"a new transgender bathroom policy at @target is real, and it's fabulous: URL URL",0
white house is aglow in the colors of the rainbow celebrating the supreme court's same-sex marriage decision. URL,1
bernie sanders speaking about institutional racism üëèüèΩüôåüèΩ URL,0
"investigations into nearly 60 allegations of unlawful killing against uk soldiers in iraq are dropped, mod says URL",1
mayors flatly deny klan membership after #anonymous releases names online URL #opkkk #hoodsoff URL,0
donald spunktrumpet's former communications director stephanie cegielski has resigned and written this - URL,0
"holy christ, #samuraijack is returning to television! URL URL",1
72 dhs employees on the terror watch list: URL h/t @penguinsfan62,0
"the kissing islands, greenland! URL",0
donald trump supports abortion ban and 'punishment' for women URL,0
breaking: the @whitehouse is celebrating with us tonight lit up in rainbow colors. #lovewins URL,1
iran's supreme leader awards medals to troops who 'captured' u.s. sailors URL URL,1
"greek customs captured containers of weapons and ammunition going to refugee camps in europe as ""plastic furniture"" URL",0
breaking video : hillary surrogate calls for the assassination of julian assange. URL,0
desperate ted cruz claims planned parenthood shooter was transgender leftis; based on rumor he read URL,0
woman a leading authority on what shouldn‚Äôt be in poor people‚Äôs grocery carts URL URL,1
"ted cruz is apparently riding with the president on air force one en route to dallas. man, barack obama is a saint.",0
this is how people in china are riding escalators after a horrific accident URL URL,0
a tweet from @realdonaldtrump about the #orlando shooting: URL URL,0
"bernie sanders has actually won nevada, not hillary clinton! the people have spoken! URL URL",0
massachusetts court finds that it‚Äôs ‚Äòreasonable‚Äô for black men to run from police to avoid racial profiling‚Ä¶ URL,0
there will be cool photos of the white house w rainbow colors tonight but hard to top this one by chuck kennedy. URL,1
donald trump tells chris matthews: women deserve ‚Äòsome form of punishment‚Äô for abortion URL URL,0
72 dhs employees on terrorist watch list URL via @kredo0 URL,0
women in america still earn only $0.79 for every $1 men make. it's time for #equalpay ‚Üí URL URL,1
people are over here boycotting @target over their new transgender bathroom policy and i'm just like URL,0
thousands of people in china claim they have seen a 'floating city' in the sky URL,0
danish lawmakers approve bill allowing seizure of asylum seekers' valuables to help cover expenses. URL,1
"#sydneysiege is over. 2 confirmed dead, #prayforsydney #prayforsydneyhostages #sydney #hostages",1
usgs: sonic boom confirmed in new jersey area after reports of shaking; cause not immediately known URL,1
"mysterious creature discovered in california, everyone naturally cries alien: URL URL",0
considering the #orlando shooter was a registered democrat i'd like to just put these back here: URL,0
powell breaks silence: clintons trying to 'pin' scandal on me! URL,1
alert! islam taught in tennessee schools URL #wakeupamerica #tcot #wethepeople #pjnet #ccot URL,1
el chapo puts $100 million bounty on donald trump...dead or alive! URL,0
hackers from anonymous say they're set to expose hundreds of kkk members URL #opkkk URL,0
.@dylanobrien learned the hard way to not mess with @shelleyhennig: URL URL,1
72 dhs employees on terrorist watch list - washington free beacon URL,0
"sydney hostage-taker - man monis, 49 - originally from iran - self-styled sheikh - accused of sexually assaulting 7 women developing..",1
"haron monis,hostage-taker in #sydney: fled #iran 96,suspect in ex-wife killing,46 sex assaults URL URL",1
shock: 72 'homeland security' employees on terrorist watch list... URL,0
why drunk vegetarians eat meat URL via @thedailybeast,0
kim davis angers 'eye of the tiger' creator after using song at prison release URL,0
white house lit in rainbow colors following us supreme court ruling that same-sex couples have right to marry. URL,1
very reliable source on parliament hill tells me the assailant has been killed. #cdnpoli #ottnews,1
meet kenny the tiger. he was born with down syndrome. he's proof you don't have to be perfect to be beautiful ‚ù§Ô∏è URL,0
"cnn/orc poll: clinton did best in 1st dem debate, but only sanders significantly increased support in past month. URL",0
#ripchyna: the wwe icon has passed away at the age of 45. URL URL,1
10 'back to the future' predictions that actually came true URL URL,0
breaking: south carolina to ban sale of tylenol. they fear picking of cotton from the bottles may represent slavery. URL,0
hillary clinton strategist bob beckel called for wikileaks editor julian assange to be assassinated. #dncleaks URL,0
for everyone who thinks starbucks red cups are ruining christmas URL URL,0
fda confiscates several thousand chickens from kfc farms as mutations worsen URL URL,0
"months ago, rupert murdoch bought national geographic and fired most of writers. this just hit the stands. URL",0
translucent butterfly - beautiful! ' URL,0
"üéØ #target backlash over transgender bathroom policy hits ""boiling‚ô®Ô∏èpoint""‚ùóÔ∏è URL #boycotttarget URL",0
breaking update: gunman says four devices are located around sydney. security response underway. police calling for calm. 9news,1
"sylvester stallone was so broke before his script for rocky was accepted that he sold his dog for $25. after he bought it back for $15,000.",0
"pres. obama on #sanbernardino: ""we have a pattern now of mass shootings in this country that has no parallel."" URL",0
"michael phelps' gold medals and speedo crashed asu's ""curtain of distraction"" last night. you read that right. URL",1
".@presssec: @realdonaldtrump comment ""disqualifies"" him from presidency URL via @talkopan URL",0
an open letter to trump voters from his top strategist-turned-defector URL @juddapatow @andylassner @bettemidler,0
what's lurking underneath that crispy crust? a kfc customer claims he got a fried rat: URL URL,0
black men have legitimate reason to run from police ‚Äì #massachusetts supreme court URL URL,0
***exclusive*** michael zahaf-bibeau caught on a #dashcam model sold at URL #ottawashooting URL,1
dear @hillaryclinton you're not the 1st woman presidential candidate. victoria woodhull is. look @realdonaldtrump URL,0
"escaped #sydneysiege hostage, elly chen, a top student and skilled sportswoman URL URL",1
police convoy and helicopters are rushing to scene to detain charlie hebdo massacre suspects URL URL,1
good news: our businesses have added 15 million jobs over the past 77 months ‚Üí URL URL,1
72 dhs employees on terrorist watch list URL,0
ben carson is the most brainless brain surgeon in america. my new column: URL,0
cnn/orc poll: donald trump now competitive in general election URL via @jennagiesta URL,0
‚Äúour team boasts the most women who have ever competed for any nation at any olympic games.‚Äù ‚Äî@potus on @teamusa: URL,1
#breaking charlie hebdo gunmen's hostage freed and safe after police assault,1
"sydney siege: police enter cafe as hostages flee the scene, gunfire heard, reports of an injured person ‚Äì live URL",1
mass shootings list. reagan - 11 bush sr - 12 clinton - 23 bush jr - 16 obama - 162 #sanbernadino,0
"red alert! drake just dropped a new single called, ""summer sixteen"" from his new album. URL URL",1
spoiler alert: leo and kate were ridiculously cute together at the 2016 #sagawards. URL URL,1
when refusing to pay the 5p bag charge backfires URL üòÇüôà,0
"pres. obama on #sanbernardino: ""we have a pattern now of mass shootings in this country."" URL URL",0
the white house takes on rainbow hues in celebrating #scotusmarriage decision: URL URL,1
perhaps media should ask hillary about this clinton campaign made payments to hard drive destruction company URL,0
police: negotiators are now in contact with armed hostage-taker in sydney situation; motive remains unknown - URL,1
#orlando oh look the muslim shooter was also a democrat! URL,0
"obama to skip nancy reagan's funeral for music, film festival in austin, tx URL via @waynedupreeshow",0
police shut down restaurant after officer cuts mouth on shards of glass found in sandwich URL URL,0
denver medical center on lockdown; 9 at hospitals after deadly incident at denver coliseum URL URL,1
"breaking news: search ""how can i move to canada"" skyrocketed following #supertuesday URL",0
"hey guys, target isn't backing down check the usa today article about the boycott URL",0
"donald trump: ""...laziness is a trait in blacks. it really is, i believe that. it‚Äôs not anything they can control.‚Äù URL",0
geoblock lifted on #abcnews24. streaming coverage of the martin place siege in sydney here URL,1
"more: police confirm 3 hostages escape sydney cafe, unknown number remain inside URL #sydneysiege",1
clinton hides failing health? full disclosure now: covert doctors and nurses URL via @mailonline #maga @realdonaldtrump,0
an adorable young fan asked riley curry to be his valentine ... and steph responded: URL URL,1
"as sun goes down, white house lights up rainbow colors to celebrate scotus ruling: URL URL",1
erdoƒüan cites hitler's germany as example of effective government URL,1
starve the beasts destroying our #civilsociety #target stock ‚û°Ô∏è sinks $1.5 billion URL URL,0
"""laziness is a trait in blacks""-trump, according to former president of trump plaza hotel and casino @vitico46 URL",0
"breaking: at least 10 killed in shooting at french satirical newspaper charlie hebdo, paris prosecutor's office says. URL",1
"confirmed | 1 shooter shot dead at parliament hill, but there is more than 1 suspect. #cbcott #ottnews",1
steve jobs' biological father was a syrian immigrant.,0
"three men found guilty of involvement in ""largest burglary in english legal history"" at hatton garden URL",1
all in purple: memorials and landmarks across the globe honor #prince after his death. URL URL,0
plumber suing car dealership for $1m after truck he traded in ends up in hands of isis: URL URL,0
five hostages have escaped the besieged lindt cafe in #sydney | our latest update: URL URL,1
"#backtothefuture fans, it's october 21, 2015 ‚Äî the future is finally here! URL URL",0
the soldier shot dead in wednesday's ottawa attacks has been named as cpl. nathan cirillo of #hamont #ottawashooting URL,1
nasa astronaut @stationcdrkelly captures a beautiful sunrise from aboard the international space station. URL,1
jindal protests sending of syrian refugees to new orleans URL URL,0
ohio lawmakers want to know why state‚Äôs epa didn‚Äôt tell public about lead leaking into water supply of sebring. URL,1
uk ‚Ä¢ you're right to be nervous about the 5p plastic bag charge. when they implemented this in california the streets ran red with blood.,0
french police publishes photos of suspect in yesterday's montrouge shooting. maybe the same persons in kosher market URL,1
a vote for donald trump is a vote for adolf hitler.,0
translucent butterfly - beautiful! ' URL,0
"steve jobs was adopted. his biological father was abdulfattah jandali, a syrian muslim.",0
"""these colors celebrate a new chapter in the history of american civil rights."" #lovewins URL URL",1
#urgent so-called 'purge' planned tonight in baton rouge 1200am - 0500am. #bluelivesmatter - heres the flash >> URL,0
"in china, 77% of jobs are threatened by automation URL URL",1
vatican says #kimdavis' meeting w/ #popefrancis 'should not be considered a form of support.' URL URL,1
tony the tiger has no more cummies left to give URL URL,1
charleston church shooter dylann roof receives $4 million in donations from supporters - URL URL,0
donald trump has been disqualified for running for president URL,0
"test finds human dna in hot dogs, meat in vegetarian products URL URL",0
"obama cuts military pay third year in a row, while pushing $15 min. wage for burger flippers URL URL",0
theres' a double rainbow over the white house URL,1
holy shit. rupert murdoch just killed national geographic. URL,0
sanders closes to 7 points behind clinton in new iowa poll. URL URL,0
target‚Äôs new transgender policy raises all sorts of questions. URL,0
".@potus on declaring a federal emergency in #flint, michigan to supplement state and local response efforts. URL",1
"#bulgaria finds 10,000 #fake passports hidden by #muslim refugees heading for #germany passports for #terrorists URL",0
french police hunting woman who was with an armed man arrested near disneyland paris. URL,1
reagan (11 mass shootings) bush sr (12 mass shootings) clinton (23 mass shootings) bush jr (16 mass shootings) obama (162 mass shootings),0
good news!: target stock plummets #lbgtq #bathroombill URL #tcot #pjnet #rednationrising URL,0
"fox news host claims hillary clinton had seizure on camera, has 'secret' health issues URL URL",0
soldier killed in canada shooting was a young reservist with a six-year-old son URL URL,1
reagan (11 mass shootings) bush sr (12 mass shootings) clinton (23 mass shootings) bush jr (16 mass shootings) obama (162 mass shootings),0
newsflash‚ö°Ô∏èthe #orlando shooter was a muslim and a democrat‚úîÔ∏è not a republican or christian‚ùå #gaypride2016 URL,0
"nurses save lives of all different races and colors, but @hillaryclinton thinks we belong in a #basketofdeplorables. URL",0
"before hillary clinton, there was victoria woodhull, a pro-life feminist who ran and was nominated for president. URL",0
report: caitlyn jenner will pose nude for sports illustrated URL URL,0
white house shines rainbow-colored lights in honor of #scotus gay marriage decision #lovewins URL URL,1
mark zuckerberg is now richer than the koch brothers üí∞ URL URL,1
"watch bernie sanders sing ""this land is your land"" with vampire weekend at iowa students rally URL",1
niagara falls turned purple on the day prince died: URL URL,0
shooter in orlando was: a. muslim b. registered democrat voter c. isis d. homophobic e. ready for hillary URL,0
el chapo threatens isis URL URL,0
breaking news: at least 3 shots fired at ottawa war memorial. one soldier confirmed shot - URL URL,1
what's the no. 1 killer of americans? these rankings have changed little over the years URL URL,0
"this is shot that captures the #sydneysiege: sheer terror/relief of escaped hostages, incredible work of @nswpolice URL",1
white house lit in rainbow colors after high court's gay marriage ruling (with photo) URL,1
chick-fil-a to open on sundays URL,0
3-legged dog expected to survive after getting shot while scaring off armed robbers. URL URL,1
this is how people in china are riding escalators after a horrific accident URL URL,0
farook family attorney says brothers in the family never saw tashfeen malik's face because she always wore a burka. URL,0
72 dhs employees on terrorist watch list URL,0
new cnn democratic poll: bernie sanders 46 hillary clinton 30 joe biden 14 martin o'malley 2,0
"happy ""$15 minimum wage"" labor day from mcdonalds URL",0
target's stock has taken a $2.5 billion hit over its insistence on insulting regular customers URL,0
muslim security guard stopped bomber from entering the stadium during #parisattacks URL #zouheir URL,0
nasa confirms earth will experience 15 days of complete darkness in november 2015 - URL URL,0
72 dhs employees on terrorist watch list URL via @kredo0 URL,0
"developing: gunman takes hostages in sydney cafe, 'isis' flags being held against window - URL URL",1
here's why @potus is taking steps to ban solitary confinement for low-level infractions: URL URL,1
black people can be so stubborn to change.... #5pbagcharge URL,0
"mexican drug kingpin 'el chapo' reportedly threatens to destroy isis ""p*ssies."" URL URL",0
"according to anonymous, the next isis target is a wwe event in atlanta. URL URL",0
"the kissing islands, greenland. URL",0
turkey's president says all he wants is same powers as hitler URL URL,1
"""today‚Äôs progress...these things are a reminder of what we can achieve when we lead with strength and wisdom."" ‚Äî@potus on progress with iran",1
4 miners now rescued from mine in china's shandong after 36 days underground - state media URL URL,1
#breaking rick hughes at cbc hamilton: the soldier who was shot in ottawa wednesday morning is a reservist serving in hamilton,1
"ooh, baby! dickie v loved this reverse dunk by ben simmons. lsu's up double-digits on no. 1 oklahoma: URL",1
actor abe vigoda has died at 94 URL URL,1
this is how people in china are riding escalators after a horrific accident URL URL,0
mook spooked: hillary manager predicts trump will win presidency if nominated!,1
white house lit in rainbow colors after today's historic supreme court ruling #scotusmarriage URL,1
"zika virus ""spreading explosively"" around the americas, who director-general says. URL",1
the @whitehouse is lit up like a rainbow! #lovewins URL,1
happy #nationalhugday! URL,1
4 legged chickens: fda confiscates several thousand chickens from kfc farms as mutations worsen URL,0
"isis has been killing babies afflicted with down syndrome and other disabilities, activists claim URL",0
"donald trump's capture, dead or alive, is reportedly worth $100 million to el chapo. URL URL",0
katy perry -- makes holiday wish come true for burn victim URL,1
.@realdonaldtrump: what's the secret of my popularity? my looks. i'm very handsome. URL URL,0
tv channels have chosen not to show videos of hostages relaying #sydneysiege gunman's demands. URL URL,1
"the oregon militia idiots would like you to stop mailing them dildos, please URL URL",1
"poll: @hillaryclinton trails @berniesanders in new hampshire, even without @vp in the race URL URL",0
"target boycott crosses 1 million signers, stock sinks by $1.5 billion - breitbart URL",0
"former conservative minister lord cecil parkinson dies aged 84, after suffering from cancer, his family says URL",1
watch video showing gunfire inside canada's parliament in ottawa URL URL,1
"kosovo war crimes court to be set up in the hague, dutch government says URL",1
no one is surprised by this.of course obama is skipping nancy reagan's funeral.dignity isn't his strongest attribute URL,0
adorable but frightened sloth rescued from side of highway in ecuador URL URL,1
report: las vegas sands to propose $1 billion domed stadium to possibly draw nfl franchise - fox5 las vegas URL,1
son of a syrian refugee URL URL,0
michelle obama says ‚Äòwhite folks‚Äô are what‚Äôs wrong with america URL no michelle you are whats wrong with america,0
and so it begins‚Ä¶isis flag among refugees in germany fighting the police [pictures] URL URL,0
"7 years ago, @potus bet big on rescuing the american auto industry. here's how it paid off: URL URL",1
"the father of steve jobs, the ground-breaking founder of apple, was a refugee from syria URL URL",0
who said it: donald trump or adolf hitler? URL URL,0
it seems @berniesanders has won back nevada! don't let @clarkcountynv dems rig it against @sensanders! #feelthebern URL,0
ever wonder why the most mass shootings ever have happened under obama? URL via @rebootliberty URL,0
nasa recently released imagery showing the deforestation of america ‚Ä¶in just 34 years. URL,0
nation's dog owners demand to know who's a good boy URL URL,1
"this is kenny, the tiger with down syndrome. this proves you don't have to perfect to be beautiful ‚ù§Ô∏è URL",0
".@greysabc season 13 will focus on the ""originals"" URL #greysanatomy URL",1
#imachristianbut i wish chick-fil-a was open on sundays.,0
surprising number of vegetarians secretly eat meat URL URL,0
all living ex-presidents warn against donald trump URL URL,0
police have surrounded this building where the suspected #charliehebdo attackers are holed-up URL URL,1
"""if you could compete in any olympic event, what would you choose?"" ‚Äî@potus asks @flotus: URL URL",1
the @whitehouse is lit up in a rainbow #lovewins URL,1
"just in: germanwings plane crashes in southern france, up to 150 feared dead URL",1
translucent butterfly URL,0
".@presssec: @realdonaldtrump muslim comment ""disqualifies"" him from presidency URL URL",0
"the kissing islands, greenland. URL",0
"obama cuts military pay for third year in a row, while pushing for $15 min. wage for burger flippers: URL",0
"beck on david bowie: ""he‚Äôs always been a guidepost for me"" URL URL",1
lego‚Äôs first-ever figurine in a wheelchair is prompting ‚Äògenuine tears of joy‚Äô URL,1
international criminal george soros & his boi @davidbrockdc are sooo busted #fauxprotests #ringers @realdonaldtrump URL,0
here's that dramatic video via @josh_wingrove of shots fired inside parliament building: URL #ottawa #shooting,1
. @target stock plunges in early days of @americanfamassc boycott. URL,0
"steve jobs was adopted. his biological father was abdulfattah jandali, a syrian muslim.",0
live updates: siege in sydney cafe URL,1
icymi: somehow lebron came out in shorts that didn't match the rest of his team ... so he had to change mid-quarter. URL,1
human dna found in hot dogs - and 10% of vegetarian sausages contain meat URL URL,0
girl killed in her sleep from wearing earbuds while iphone was charging - URL URL,0
clinton ominously tells iowan supporters to mark front doors with campaign logo before sundown URL,1
will you watch thursday‚Äôs #gopdebate if @realdonaldtrump is not on stage? URL,1
"rt @operation_kkk: official #opkkk #hoodsoff 2015 data release URL with love, anonymous . URL",0
"if they can light up the white house like a rainbow for gay pride, it sure as hell better be red, white & blue for independence day. merica.",1
dear #msm bob beckel calling for assassination of #julianassange URL @ericbolling URL,0
"us swimmer jimmy feigen to pay $11,000 to charity as part of deal to settle brazil robbery dispute - us media URL",1
"north carolina town rejects solar panels for sucking ""up all the energy from the sun.‚Äù URL URL",1
elvis presley made his tv debut 60 years ago today. look back at his history on the tube URL URL,1
#wakeupamerica heads need to roll! school forcing non-muslims to praise islam URL #bansharia URL,1
"after police arrested #dylannroof, they went and bought him burger king because he was hungry. #charlestonshooting URL",0
police bought #dylannroof food from @burgerking after he was arrested for church shooting: URL URL,0
how many more trump supporters will defect? an open letter to trump voters from his top strategist-turned-defector URL,0
"a head-on collision with another planet may have created our moon, researchers say URL URL",1
"#opkkk: #anonymous to reveal identities of 1,000 ku klux klan members URL URL",0
reagan (11 mass shootings) bush sr (12 mass shootings) clinton (23 mass shootings) bush jr (16 mass shootings) obama (162 mass shootings),0
fda confiscates several thousand chickens from kfc farms as mutations worsen URL URL,0
several hostages freed at jewish supermarket in paris. photo thomas samson #afp URL,1
our thoughts and prayers go out to nathan cirillo who died today in ottawa while protecting his country at age 24 URL,1
"steve jobs was adopted. his biological father was abdulfattah jandali, a syrian muslim.",0
survey: 1 in 3 vegetarians admits to eating meat when drunk... URL,0
a tiny alpine town in northern italy just welcomed its first baby in 28 years üçºüë∂ URL URL,1
"nyc pride parade after orlando: ‚Äúrepublican hate kills"" no. the orlando shooter was a muslim democrat. URL",0
"colombus, ohio police officer served sandwich with shards of glass. URL",0
breaking: tom brady set to share sports illustrated cover with caitlyn jenner.... URL,0
"developing: police pursuing #charliehebdo shooting suspects, helicopters deployed - live feed: URL URL",1
"after the orlando shooting this is how they protest, and the shooter was a registered democrat... URL",0
jakarta attacks: #kamitidaktakut hashtag shows indonesians are not afraid URL,1
boycott the hell out of target. they think it's ok that boys pee with girls so let's hit em where it hurts - money. URL,0
caitlyn jenner will pose nude on the sports illustrated cover. nothing says sexy like a 66 year old chick with balls.,0
"oh. so now the #ferguson police chief says the cop didn't know about the robbery when he stopped #mikebrown. the kid was ""jaywalking""? bs!",1
"340,000 pledge to boycott @target over transgender bathroom policy URL URL",0
"steve jobs was adopted. his biological father was abdulfattah jandali, a syrian muslim.",0
caitlyn jenner will pose nude on the sports illustrated cover. her balls will be censored by a sad michael jordan face.,0
"help the red cross provide food, water & cots for refugees across europe. URL ¬† #aidrefugees URL",0
marilyn monroe and james dean smoking in new york city URL,0
"hostage situation erupts in sydney cafe, australian prime minister says it may be ""politically motivated"" URL",1
looking at eddie redmayne looking at alicia vikander is making us all kinds of emotional. #sagawards URL,1
but democrats say that syrian refugees are 3 year-old orphans. so why are they worried about them buying guns?,0
the @who predicts 3 to 4 million cases of #zikavirus that is spreading through americas URL,1
"""an attack on any faith is an attack on all our faiths."" ‚Äî@potus at @israelinusa",1
"13 questions with @madisonbeer, the 16-year-old singer @justinbieber discovered on youtube: URL URL",1
update - afp: an unnamed police source says the killing of the policewoman in #paris on thursday is linked to the #charliehebdo attack,1
#breaking: police have confirmed that the #sydneysiege is over. #9news,1
"steve jobs was adopted. his biological father was abdulfattah jandali, a syrian muslim.",0
"as you ignore the cold homeless guy sitting outside starbucks, please be sure to complain about the 'non-christian' red cup of $5 coffee.",0
"after mass shootings, obama seeks to expand background checks for gun sales by executive order to bypass congress URL",0
"obese woman arrested for starving her 7 kids: ""there was only enough food for me"" URL URL",0
clinton campaign made payments to hard drive destruction company ü§î destruction of 14 hard drives @hillaryclinton ‚ÅâÔ∏è URL,0
pop legend prince has died at 57: URL URL,1
"judy carne, ‚Äòsock it to me girl‚Äô on ‚Äòlaugh-in,‚Äô dies at 76 URL",1
"steve jobs was adopted. his biological father was abdulfattah jandali, a syrian muslim.",0
paul kantner was jefferson airplane's conceptual heart. here are 12 essential songs URL URL,1
homicide is among the top five causes of death in adolescents URL #endviolence URL,0
massachusetts court finds that it‚Äôs ‚Äòreasonable‚Äô for black men to run from police to avoid racial profiling‚Ä¶ URL,0
"it's official, @berniesanders actually won nevada today. came down to 2 factors. 1. enthusiasm 2. organization URL",0
woman stabs boyfriend for not liking instagram selfie fast¬†enough URL URL,0
witness: police allegedly stopped mike brown after yelling at him to walk on sidewalk. #ferguson URL,1
translucent butterfly - beautiful! URL,0
'great pacific garbage patch' researchers return with data URL URL,0
a third of 'vegetarians' eat meat when drunk on a night out URL URL,0
did a real life 'fallen angel' just fall from the sky in london? ‚ÄºÔ∏è‚ÄºÔ∏è üëâ URL üëà URL,0
merkel says refugees must return home once war is over URL,1
this is how people in china are riding escalators after a horrific accident URL URL,0
"steve jobs was adopted. his biological father was abdulfattah jandali, a syrian muslim.",0
"just in: donald trump tells @msnbc: ""there has to be some form of punishment"" for abortion URL",0
"google agrees to pay ¬£130m in back taxes after ""open audit"" of its accounts by uk tax authorities URL",1
"no, the polling doesn't prove bernie sanders won the hispanic vote in nevada URL",0
obama; - hours to light up white house in rainbow colors for gay marriage. - 5 days to lower flag for dead marines. URL,1
a russian laboratory has invented a way to remove the black skin layer of black people URL,0
trump hopes for reversal on same-sex-marriage URL | ap photo URL,1
remember: steve jobs' biological father was a syrian migrant. URL (photo: ap) URL,0
the stickers on fruit are edible.,0
underrated person of the year 2015 candidate‚Äîthe prime minister of singapore URL URL,1
calling #anonymous collective to fire at all #kkk & affiliated sources on nov 16. URL #opkkk #hoodsoff retweet/share,0
"no, internet, cnn did not delete its poll showing bernie sanders won the democratic debate. URL URL",0
"we should pick a company a month. 1.1 million families join afa‚Äôs target boycott, stock takes $2.5 billion hit - URL",0
alert: don't fall for this new facebook scam URL URL,0
niagara falls turned purple on the day prince died: URL URL,0
photo: white house lit in rainbow colors after high court's gay marriage ruling URL URL,1
great scott! #backtothefuture 2 (almost) nailed its 2015 predictions. @hplabs makes theirs: URL URL,0
"new cnn/wmur nh democratic poll: bernie sanders 46 hillary clinton 30 joe biden 14 martin o'malley 2 sept. 17-23, 314 d voters, +/-5.5%",0
anonymous #opkkk the hoods come off begins with united states senators & mayors URL #hoodsoff URL,0
update: canada's prime minister @justintrudeau says five people are dead in school shooting URL URL,1
"first load of 10,000 syrian refugees has arrived in new orleans, being resettled unbeknownst to locals #tcot URL",0
cops who arrested dylann roof treated him to a burger king URL URL,0
"months ago, rupert murdoch bought national geographic and fired most of writers. this just hit the stands. URL",0
"today first load of obama's 10,000 syrian ‚Äúrefugees‚Äù has arrived in new orleans ‚Äì all single males 18-30 years old URL",0
judge: hillary clinton must respond under oath to questions from conservative legal watchdog URL URL,1
this dad loved his family so much he got eye enlargement surgery so he could look at them more URL URL,0
"china's economy grew by 6.9% in 2015, marking its slowest growth in 25 years. URL",1
first black female gop @repmialove returning donations from alleged white supremacist URL URL,0
the white house is glowing with pride URL | ap photo URL,1
america's first muslim female judge; carolyn walker-diallo. URL,1
first female candidate for president was not @hillaryclinton it was victoria woodhull in 1872 #nhpolitics #tcot URL,0
justin trudeau: i will raise my sons as feminists URL URL,1
#update three men including two brothers identified in france newspaper attack: source URL #jesuischarlie #charliehebdo,1
an openly gay man said that he and his partner met with pope francis a day before kim davis did URL,1
breaking news campaign donations link top gop contenders to #dylannroof. #tedcruz returns $8k. URL URL,0
actor james earl jones is not dead: URL URL,0
"dearborn michigan, this morning. pro isis rally. spread the word, the fit is about to hit the shan here in the us. URL",0
10 'back to the future' predictions that came true URL URL,0
"sorry, mark zuckerberg is not giving $4.5 billion to 1,000 random facebook users URL URL",0
"steve jobs was adopted. his biological father was abdulfattah jandali, a syrian muslim.",0
this afternoon we've lowered our flags to half mast in honour of the canadian reservist who lost his life in ottawa. URL,1
"31 ""travel-associated"" cases of zika virus reported in 11 u.s. states + d.c. this year and last, cdc says. URL",1
".@tedcruz: ""bernie is a socialist and he admits it. hillary is a socialist and she pretends she's not."" URL",1
"donald trump goes to louisiana flooding site, spends a minute handing out play-doh, leaves URL #whereshillary",0
surprising number of vegetarians secretly eat meat URL URL,0
"""let's not make the next two weeks about a 'black qb.' let's just talk about the greatness of this guy."" -c. barkley URL",1
renting vs. owning a home: a side-by-side comparison URL URL,1
"kenny is considered the first tiger with down syndrome. at the age of nine, kenny died in 2008 of cancer. URL",0
"is the truth out there? üëΩ in nod to @thexfiles, @cia releases hundreds of declassified docs URL URL",1
when refusing to pay the 5p bag charge backfires... URL,0
stills from eyewitness video show two #charliehebdo attackers wearing hoods & black clothing shoot a wounded man URL,1
"according to seven, this is a picture of the gunman URL",1
"target boycott crosses 1 million signers, stock sinks by $1.5 billion URL",0
plumber suing car dealership for $1m after truck he traded in ends up in hands of isis: URL URL,0
"#onceuponatime's @colinodonoghue1: dark hook is like a ""pissed-off boyfriend"" URL @onceabc URL",1
"pope francis‚Äô meeting wasn‚Äôt an endorsement of kim davis, vatican says URL",1
"shooting reported at naval medical center san diego, according to the center's facebook page. URL",1
more than 700000 boycott target over transgender URL #lgbtq #tcot #bathroombill #pjnet URL,0
"oscars 2016 host chris rock calls event ""white bet awards"" due to lack of diversity: URL URL",1
"10,000 refugees expected in austria today, per the red cross. about 20 percent are sick or injured. URL",0
what's the no. 1 killer of americans? these rankings have changed little over the years URL URL,0
"340,000 pledge to boycott target over transgender bathroom policy URL URL",0
did you know that microsoft actually uses dog noses for thumbsticks on the gamecube controller? URL,0
'hoods off': anonymous announces operation to name kkk members URL #opkkk,0
cops rewarded dylann storm roof with burger king following his arrest for an act of domestic terrorism. URL,0
".@johnrlottjr:""the number of ppl killed by mass shootings during obama‚Äôs tenure is 424 casualties‚Ä¶paris this year alone has 508 casualties.""",0
whole foods' $6 asparagus water is just water with three stalks of asparagus in it URL URL,1
more shots fired just off parliament hill. police telling everyone to take cover.,1
"what? ""72 dhs employees found on terrorist watch list"" URL",0
men from #pakistan security forces told reporters to stop probing #tashfeenmalik background or face arrest URL,0
"steve jobs was adopted. his biological father was abdulfattah jandali, a syrian muslim.",0
farting does not burn 67 calories and is not a practical weight loss mechanism: URL URL,0
texas plumber sues car dealership after his truck winds up in isis video: URL URL,0
.@hillaryclinton not talking about ‚Äô92 clinton-gore confederate campaign button URL URL,0
"""sanders won 54% of the latino vote, according to the sample data, compared to clinton‚Äôs 43%."" #nvcaucus URL",0
full statement from pm abbott on #sydneysiege #martinplace #lindt. URL,1
"first 10,000 syrian refugees arrive in new orleans noticed there are no women or children @realdonaldtrump #tcot URL",0
"happy ""$15 minimum wage"" labor day from mcdonalds URL",0
a clever marketing campaign by norwegian airlines. / via URL URL,1
police taking people out of #paris grocery where hostages were being held. URL,1
obese woman arrested for starving her 7 kids: ‚Äúthere was only enough food for me‚Äù URL URL,0
reports on @channeltennews #sydneysiege gunman wants #isil flag delivered to cafe and he also wants to speak to pm or people will be killed.,1
u.s. justice department to end use of private prisons. URL,1
29 times @msleamichele's instagram inspired us to live a healthier life: URL URL,1
"this is how the white house celebrated what obama called ""a victory for america."" #lovewins URL URL",1
afp: suspected #charliehebdo gunmen have been killed,1
at least 12 dead in the paris shooting. updated story and background info: URL #charliehebdo URL,1
obama plans executive action on gun control; white house admits it will not prevent mass shootings URL,0
florida man sips bud light as he walks down street in only shirt and shoes; says he lost pants and underwear at beach URL,0
"""people do not smile during a seizure while standing upright and then immediately launch into a coherent sentence."" URL",1
this is how people in china are riding escalators after a horrific accident URL URL,0
people are enraged that starbucks' red cups aren't christmas-y enough URL URL,0
and jake makes that one more for team kal-el... let us know which side you're on with '#empirebvs'. URL,1
breaking news here oooof #hoodsoff #opkkk #anonops #anonymous #anonfamily #kkk #racism URL,0
new seaworld show just elephant drowning in large tank of water with no explanation URL URL,0
breaking - shooting on parliament hill. rcmp have weapons drawn #cdnpoli URL,1
"ironic timing ‚Äì today first load of 10,000 syrian ‚Äúrefugees‚Äù has arrived in new orleans ‚Äì‚Ä¶ URL URL",0
".@berniesanders says @realdonaldtrump is ""using racism as a way to attract votes"" #bernieoncnn URL URL",0
everyone mad at bruce for his sex change but no one gave ashit about that nerd minkus changing into chanel west coast URL,0
"north korea 'planning some kind of rocket launch' us officials say, citing increased activity at test site URL",1
flag in window of sydney lindt cafe not an isis flag. reads: ‚Äòthere is no god but allah and muhammad is the messenger of god‚Äô (@liztilley84),1
"donald trump defends christmas, says ""maybe we should boycott starbucks"" over new red cups: URL URL",0
breaking: three hostages appear to have escaped the sydney cafe where a siege remains ongoing. URL #sydneyseige,1
".@realbencarson: ""what good does it do a man to gain the whole world & to lose his soul?"" URL",1
"american family association gets 500,000 to sign petition boycotting target over its transgender bathroom policy URL",0
"1991, book written saying trump says ""laziness is a trait in all blacks"" URL URL",0
"hero. @affanchowdhry: kevin vickers, head of security in parliament, being credited for taking down shooter #ottawa URL """,1
do these look like the faces of a homeless couple caught living in a walmart attic for over 2 years? URL,0
breaking: a source confirms to cp24 that the deceased soldier in ottawa is cpl. nathan cirillo. cirillo was a member of the hamilton argylls,1
when your two favorite landmarks...go purple in honor of the world missing prince...beautiful: URL,0
reagan (11 mass shootings) bush sr (12 mass shootings) clinton (23 mass shootings) bush jr (16 mass shootings) obama (162 mass shootings),0
poll: @hillaryclinton's lead over @berniesanders shrinks as her edge over gop vanishes URL URL,0
tim kaine & his besties the muslim brotherhood URL #demsinphilly #dncconvention URL,0
we officially won clark county (70% of the population of nevada) and washoe county +5/6 for @berniesanders -4 for hillary #bernietakesnevada,0
"watch live: as sun goes down, white house lights up rainbow colors to celebrate scotus ruling URL URL",1
isis flag among refugees in germany fighting the police .. URL #norefugees #rebootliberty URL,0
today @cnn removed a debate poll where over 80% were for @berniesanders #demdebate #clintonnewsnetwork URL,0
"""dewshine"" drink suspected in deaths of tennessee teens. URL",1
"‚ñ∫#anonymous operation #kkk ‚ñ∫ku klux klan, we never stopped watching you URL #opkkk #hoodsoff URL",0
end of the line for land rover defender as emission rules kill off iconic 4x4 URL #bbcgofigure URL,1
#breaking: at least two people have died following the #sydneysiege. 5 people are being treated by paramedics.,1
live from the white house...in rainbow colors. hundreds of people...hundreds URL,1
valerie jarrett organized white house rainbow lights URL URL,1
dna confirms hakeem from ‚Äòempire‚Äô is jay-z's biological son [read detailsüëáüëáüëáüëáüëáüèæüëáüèø URL URL,0
"body found in north carolina of virginia girl, 13, missing since wednesday. virginia tech student has been charged. URL",1
several people being held hostage at a sydney cafe. australian tv showing people with hands up against a window: URL,1
poll: @hillaryclinton pulls even with @berniesanders in new hampshire after debate URL URL,0
"so now we know, orlando shooter was a gay, muslim, registered democrat. no wonder liberals are trying to blame the gun. #orlandoshooting",0
"the father of steve jobs, the founder of apple, was a refugee from syria URL URL",0
the white house tonight is illuminated in rainbow colors to honor and celebrate marriage equality. bravo! URL,1
"""a black man who runs from police merely might be trying to avoid the recurring indignity of being profiled"" URL",0
"update: donald trump advocates abortion ban and ""some form of punishment"" for women who have an abortion. URL - @msnbc",0
"black islamic flag being held up in window of #lindt chocolate store in martin place, sydney - hostages inside. URL",1
"after eluding capture for years, 2 mafia bosses arrested in underground bunker in southern italy. URL",1
stiles (and the rest of us) just wants lydia to wake up on #teenwolf tonight at 9/8c: URL URL,1
"11 confirmed dead, francois hollande to visit scene of attack - latest from paris: URL URL",1
man‚Äôs anxiety not about to let depression muscle in on turf URL URL,1
woman in hospital after confusing hair mousse with builder's foam: URL,0
i haven't stopped watching #pillowtalk all weekend (and i'm not even sorry): URL URL,1
"jeb bush: ""donald, you're not going to be able to insult your way to the presidency."" cheer from the audience #nprdebate",1
one third of vegetarians eat meat when they get drunk | URL URL,0
"ray hadley says he spoke with hostage, and could hear the gunman in the background barking orders and demanding to go live on air",1
plastic bag use in wales has dropped by 71 per cent since the 5p charge was introduced URL URL,0
payments to hard drive destruction company... URL,0
"whole foods called out for selling $6 ""asparagus water,"" water with stalks of asparagus in it URL URL",1
niagara falls turned purple on the day prince died: URL URL,0
the vatican insists pope francis‚Äô encounter with kim davis was not endorsement of her views URL URL,1
prime minister tony abbott's statement on the #sydneysiege. updates: URL URL,1
"vatican official says there is ""a sense of regret"" that pope francis met with kim davis: URL URL",1
remembering the talented singer aaliyah on what would have been her 37th birthday: URL URL,1
study concluded that the clinton camp has ‚Äúno statistical basis‚Äù to back claims that it won latino vote in nv. URL,0
email: michigan officials gave bottled water to state employees a year before flint residents got it URL,1
hey @cnnpolitics @cnn where did this poll go? apparantly a lot of people like @berniesanders. you should report that URL,0
"because the orlando shooter who murdered gay people was a registered democrat and muslim, the media is going silent. URL",0
"just a crow riding an eagle, nbd. URL URL",1
"gop candidates, lawmakers return donations made by leader of racist group cited in dylann roof's manifesto: URL",0
breaking: 10 reportedly shot dead at paris hq of french weekly charlie hebdo URL,1
nevada focus group of #pbsdebate says @berniesanders won tonight's debate by a 25 to 9 margin.,0
a trump campaign strategist just quit and wrote this amazing open letter about why: URL,0
pray for parents and school leadership to have wisdom to refuse these after school satan clubs! URL,0
"london jury acquits five out of six brokers who were on trial, accused of manipulating the libor interest rate URL",1
"obama: ""we have a pattern now of mass shootings in this country that has no parallel anywhere else in the world"" URL",0
governor whose marriage would have been a crime 50 years ago: we've never had racist laws URL URL,1
"olympics: us women win basketball gold for 6th consecutive olympics, routing spain in final. URL URL",1
nasa's curiosity rover sends back a selfie from a sand dune in mars: URL URL,1
nasa confirms earth will experience 15 days of complete darkness in november 2015 URL,0
victoria woodhull ran for us president 144 years before hillary clinton üìª URL URL,0
afa' rios: target's transgender bathroom policy is 'push from the left to deconstruct the family' URL via @breitbartnews,0
the lion‚Äôs share of collaborative work tends to fall on women. and it's exhausting. URL URL,1
remember the man who killed four marines in chattanooga? he was a refugee. URL,0
#breaking news: shots fired at parliament hill. follow developing story: URL URL,1
ctv news confirms that canadian authorities have provided us authorities with the name michael zehaf-bibeau in connection to ottawa shooting,1
"poll: @hillaryclinton trails @berniesanders in new hampshire, even without @vp in the race URL URL",0
"well, this is a new one: chelsea clinton implies that marijuana can kill you. 2016, y‚Äôall. URL #mmot #p2 #tcot #tlot",0
niagara falls turned purple on the day prince died: URL URL,0
did a real life 'fallen angel' just fall from the sky in london? URL,0
10 'back to the future' predictions that came true URL URL,0
1.15 million americans have been killed by guns since john lennon's death URL,1
"a boy dies after being bitten by a dog in essex, with a woman arrested for allowing a dog to be out of control URL",1
a crow tries to fight an eagle‚Äîgets a free ride instead: URL,1
keeping vanessa hudgens in our thoughts. her dad greg died last night from cancer: URL URL,1
white house set aglow with rainbow pride URL | ap photo URL,1
kate winslet congratulating leonardo dicaprio after his #sagawards win is everything üíï URL URL,1
the gunman in ottawa has been shot and killed. i'm at a loss for words this morning. that isn't my canada.,1
"judy carne, ""laugh-in‚Äôs"" ""sock it to me"" girl, dies at 76 URL URL",1
it's gregg popovich's 67th birthday and there's one thing we know he's not doing tonight. URL,1
the white house bathed in rainbow #scotusgaymarriage URL,1
nfl: diagnosed concussions rose by nearly 32 percent this season. URL URL,1
"watch zayn malik's surreal ""pillowtalk"" video, featuring gigi hadad URL URL",1
this is the soldier who died today at the #ottawa war memorial. his name is cpl. nathan cirillo. #rip #ottawastrong URL,1
ohio police officer hospitalized after eating shards of glass in sandwich from columbus restaurant blackliesmatter URL,0
.@potus reflects on the importance of taking his daughters to visit the @holocaustmuseum. #holocaustremembranceday URL,1
developing: president obama will be attending sxsw festival instead of nancy reagan's funeral. URL,0
see the white house light up as a rainbow to celebrate gay marriage URL URL,1
"remember when trump said ""laziness is a trait in blacks."" URL URL",0
harry potter fans are posting incredibly moving tributes to severus snape and alan rickman: URL URL,1
police confirm that #sydneysiege is finally over. two people reportedly injured after suffering gunshot wounds URL,1
obama cuts military pay 4third year in a row #isis 2nd terrorist attack in a week #wakeupamerica r u ok w this? #2a URL,0
#breaking reports two customers and an employee have escaped the #sydneysiege URL,1
"us imposes sanctions on iranian companies and individuals over missile programme, after lifting of nuclear sanctions URL",1
white house set aglow with rainbow pride URL | ap photo URL,1
"ooh, baby! icymi: dickie v loved this reverse dunk by freshman phenom ben simmons. URL",1
.@realdonaldtrump slams @hillaryclinton: ‚Äúthe job of an elected official is to serve the citizens of the u.s.‚Äù URL,1
soldier shot at national war memorial in ottawa URL #cdnpoli #hw,1
eiffel tower displays colors of france's flag to pay tribute to victims of #parisattacks: URL URL,1
"tyronn lue, the east all-star coach, has coached 3 games. his west counterpart, gregg popovich? 1,538 games. URL",1
"""when americans are freed and reunited with their families, that‚Äôs something we can all celebrate."" ‚Äî@potus URL",1
war has come again in the #the100 season 3 trailer URL @cwthe100 @miselizajane @wildpipm URL,1
"michael oher got a text from cam newton during the offseason. now, they prepare for #sb50: URL URL",1
this woman mistook builders‚Äô foam for hair mousse URL URL,0
president obama to skip nancy reagan‚Äôs funeral in order to attend south by southwest: URL URL,0
bernie sanders has won the nevada caucus #nvcaucus URL,0
"#isis media account posts picture claiming to be michael zehaf-bibeau, dead #ottawashooting suspect. #canada URL",1
causes of death in usa in 2016 (through june 15) URL,0
"president putin ""probably"" approved ex-russian spy alexander litvinenko's assassination in 2006, inquiry finds URL",1
#donaldtrump's son spoke about his father's decision to visit flood-damaged louisiana while pres. obama played golf. URL,1
white house lit in rainbow colors following us supreme court ruling that same-sex couples have right to marry. URL,1
"beat the 5p bag charge by #winning 1 of 5 cute lambrini shopping bags - rt & follow to enter! 18+, t&cs apply URL",0
eleven dead in shooting at paris offices of satirical magazine charlie hebdo ‚Äì live updates URL,1
white house lit in rainbow colors following us supreme court ruling that same-sex couples have right to marry. URL,1
new analysis from @wcvi: sanders won the latino vote in nevada. URL,0
"anne frank's stepsister says trump ""is acting like another hitler"": URL URL",1
"breaking news: pope francis‚Äô encounter with kim davis wasn‚Äôt an endorsement of her views, the vatican says. URL",1
hillary surroagte bob beckel calls for assassination of julian assange URL,0
iran announces that washington post reporter jason rezaian and three iranian americans have been freed from prison URL,1
"#rcmp to hold news conference on #ottawa shootings at 2 pm et, 11 am pt. watch live coverage @ URL",1
keith richards 'once pulled a knife on donald trump' says rolling stones' ex-event promoter URL URL,0
"local media: 3 people appear to escape from martin place, sydney, caf√©, amid hostage situation - @abcnews URL",1
"oil tanker hijacked off malaysian port of kuantan and taken into indonesian waters, malaysian maritime officials say URL",1
'plane wreckage' found in thailand prompts speculation it might belong to malaysian airlines flight mh370 - reuters URL,1
"tons of people searching ""how to move to canada"" following trump, clinton wins URL URL",0
ohio police officer served sandwich containing shards of glass ‚Äì officer has been hospitalized - #rncincle URL,0
gay muslim democrat terrorist threatened to kill his classmates. when he was 10. but nra or something. URL,0
"watch live: as sun goes down, white house lights up rainbow colors to celebrate scotus ruling URL URL",1
the white house goes rainbow to celebrate supreme court marriage ruling URL URL,1
"#breaking hostages held inside sydney cafe, islamic flag held up",1
breaking: five explosions heard near bataclan concert hall in paris: reuters witness URL,1
here's an interesting look at $tgt target's stock price since it implemented it's transgender bathroom policy... URL,0
audio recordings reveal cpr started 11 minutes after staff found gynnya mcmillen URL URL,1
pope francis expected to fire the archbishop who tricked him into meeting kim davis URL,1
surprise! => @target stock drops since #transgender bathroom policy URL URL,0
anne frank was a refugee denied entrance to the united states URL #syrianrefugees URL,1
only photo i will tweet. cpr being performed on the soldier now. i heard four shots. #ottawa URL,1
that superman poster is legit: URL URL,1
"tim allen compares clintons to herpes: 'just when you think gone, they show up again'... URL",1
will ny ag investigate clinton campaign credit card fraud re elderly donors? URL URL,0
open letter to trump voters from his top strategist-turned-defector - amazing first person account URL via @xojanedotcom,0
"‚Äúseven years ago, auto sales hit a 27 year-low. last year, they hit an all-time high.‚Äù ‚Äî@potus #madeinamerica URL",1
the retail giant has taken huge hits as consumers react to their misguided bathroom policy. URL URL,0
breaking news: soldier shot at national war memorial in ottawa URL,1
whole foods tests the limits of yuppie diet fads with new $6 asparagus water - URL URL,1
"7 years ago today, @potus was sworn into office. here's a look at how far we've come since. URL",1
it‚Äôs a three-peat! team usa routs serbia 96-66 to win its third-straight and 15th basketball gold medal. URL,1
wow. anthony johnson's knockout win is the 3rd-quickest finish in @ufc light heavyweight history (0:13). #ufc202 URL,1
.@potus ‚úì spinach ‚úì some adorable kids ‚úì and an #mlkday service project. watch: URL URL,1
check out new steps we're taking to expand access to meals for the kids who need it most: URL URL,1
"france: 10 people dead after shooting at hq of satirical weekly newspaper #charliehebdo, according to witnesses URL",1
paris manhunt: 3 #charliehebdo attackers with ak-47 rifles & reportedly rocket-propelled grenade still at large URL,1
"hearing that bernie sanders flipped clark county in nevada at state convention, may have won the entire state #feelthebern",0
obama skipping nancy reagan's funeral to attend sxsw URL URL,0
chelsea clinton implies here that marijuana can kill you. uhh URL,0
french police: said kouachi and cherif kouachi wanted in paris terror attack: URL URL,1
#breaking: hostages are being held and a siege is taking place at sydney's lindt chocolat cafe in martin place.,1
".@stephenfhayes: ""this is about hrc having made repeated representations that have turned out to be false."" URL",1
"in asu's curtain of distraction, michael phelps brought out his gold medals and speedo to do the trick. it worked. URL",1
hostages in sydney cafe made to hold up islamic flags URL,1
the white house is lit like a rainbow tonight in honor of the #scotusmarriage ruling. URL,1
"#germanwings ""sorry to confirm"" 144 passengers & 6 crew on board flight #4u9525 when it crashed in french alps URL",1
purple reign! landmarks light up for prince after his sudden death üíú #princerip URL,0
#charliehebdo killers shot dead by police,1
the insane reason why chinese drivers intentionally kill pedestrians they hit ‚Äî via @slate URL URL,0
"""we have now cut off every single path that iran could have used to build a bomb."" ‚Äî@potus #irandeal URL",1
hillary overcharges poorest campaign donors @lindasuhler @realdrgina @girlsfortrump @cinderella2b @kamvtv #us #usaüá∫üá∏ URL,0
first photos: hostage pressed against a window. #sydneysiege URL,1
study: minimum wage increases haven't hurt the restaurant industry. URL,1
people blame the massacre in orlando on the nra. newsflash: the orlando shooter wasn't a nra member... but he was a registered democrat.,0
study finds over a third of vegetarians eat meat...when drunk! URL URL,0
whole foods' selling asparagus water is a sign the end times are near URL URL,1
#teenwolf starts in 5 minutes! rt if you're watching + tweeting + crying + screaming with @mtvteenwolf & me! URL,1
caitlyn jenner will pose nude on the sports illustrated cover. her balls will be censored by a sad michael jordan face.,0
"the university of ottawa, just a five minute walk from the hill, is now on lockdown.",1
breaking charlie hebdo latest: 11 dead 10 wounded (five critical) two gunmen unaccounted for URL URL,1
evidence destroyed? campaign made payments to hard drive and document destruction company URL #makeamericagreatagain,0
statement from prime minister tony abbott on sydney hostage situation. URL,1
theres' a double rainbow over the white house URL,1
"if they can light up the white house like a rainbow, it sure as hell better be red, white & blue for independence day.",1
.@arianagrande just created a unisex fragrance named after her brother: URL URL,1
twenty-five stories proving target‚Äôs pro-trans bathroom policy is dangerous URL,0
"top trump strategist resigns, writes revealing open letter: URL",0
i‚Äôm celebrating #backtothefuture day by bemoaning the lack of hoverboards while ignoring the fact that my phone contains all human knowledge,1
waiting for the new episode of #teenwolf like... URL,1
"trump: dems ""failed and betrayed the africanamerican community‚Äù trump: ‚Äúlaziness is a trait in blacks, it really is"" URL",0
bro there's either a black president in a rainbow whitehouse or i'm having the best trip ever,1
wow! what a way to end this historic day! URL #lovewins #loveislove #equalityforall #lgbt URL,1
white house shines rainbow-colored lights in honor of #scotus gay marriage decision #lovewins URL URL,1
"police seem relaxed, suggesting all hostages are out and gunman no longer a threat URL #sydneysiege",1
"‚Äòpresident petty strikes again‚Äô: obama will reportedly skip nancy reagan‚Äôs funeral,,, ‚úÖ URL URL",0
alert: tsunami advisory issued for southern california from 3-7 a.m. local time. stay away from ocean and shoreline. #cawx #tsunami,1
"breaking: two hostage situations in france are linked, paris prosecutor says",1
"just in: donald trump to @msnbc: ""there has to be some form of punishment"" for women who have an abortion.",0
unstoppable! novak djokovic is now a perfect 6-for-6 in australian open finals after his win over andy murray. URL,1
"donald trump goes full anti-woman: ""punishment"" for women who abort URL URL",0
".@theweeknd donates $250,000 to black lives matter URL via @cnnent URL",1
"there's a rainbow over the white house right now, just the same as when dublin had one the day ireland legalized URL",1
"meet quasimodo, the dog with the short spine URL URL",1
"map shows industrial estate where 2 #charliehebdo suspects are holed up, surrounded by police URL URL",1
"should say ""labor unions aligned with @hillaryclinton"" stopped dems from saying no tpp-they don't speak for nurses URL",0
"keith richards 'once pulled a knife on donald trump', claims rolling stones' former promoter URL URL",0
"bachmann: obama ""classless"" for missing nancy reagan‚Äôs funeral URL URL",0
uk heterosexual couple who want to enter civil partnership rather than marry lose challenge at london's high court URL,1
one of the men who wanted to copy the #orlando shooter was stopped in l.a. he was a liberal democrat and #berniebro. URL,0
senior u.s. official: canadian government has informed u.s. that one shooter is dead in ottawa. live blog: URL,1
"black men may have cause to run from police, massachusetts high court says URL",0
"bachmann slams ""classless"" obama for skipping nancy reagan‚Äôs funeral URL URL",0
"local school art project titled ""candlelight"" URL",0
is your drug dealer charging you more because of the 5p bag charge? let us know! ring 101 now URL,0
"breaking: canada has four recent cases of #zika, all from travelers: public health agency",1
gay marriage ruling? white house in rainbow colors within hours. 4 murdered marines & a murdered sailor? 5 days to lower the flag. nice.,1
"""let's not make the next two weeks about a 'black qb.' let's just talk about the greatness of this guy."" -c. barkley URL",1
look: @whitehouse lights up in rainbow colors to celebrate #scotus same-sex marriage ruling URL,1
meet our new fave celebrity couple: leonardo dicaprio and his vape pen URL URL,1
"watch live: as sun goes down, white house lights up rainbow colors to celebrate scotus ruling URL URL",1
"trump's top strategist, stephanie cegielski, has quit his campaign + just wrote an open letter to trump supporters: URL",0
study links clinical depression to getting dunked on URL URL,1
"""my dad is in the air force and that inspired me to have my back up job be president"" ‚Äîlily: URL URL",1
"obama 2008:""i support traditional marriage, christians vote for me"" obama 2015:""the white house is a rainbow. bring me my unicorn"" merica.",1
at least 11 dead in shooting at hq of #charliehebdo in #paris (police source) URL,1
video : clueless hillary clinton calls for americans to respect and empathize with isis URL,0
"orlando shooter, muslim, omar mateen was a registered democrat. URL",0
"of the 54 killed by young suicide bomber at wedding in turkey, 22 were under the age of 14. URL URL",1
icymi: a dog accidentally stumbled into the middle of a local half marathon ... and earned 7th place. URL,1
"the picture of a syrian child ""surrendering"" to a camera is real. URL URL",1
#breaking : both charlie hebdo suspects killed as police storm building (police sources) URL URL,1
a canadian teen didn't find a lost mayan city: URL URL,0
iranian surveillance drone flies over u.s. aircraft carrier in persian gulf URL URL,1
"clarissa, 27 years old, police trainee of montrouge police in #france. victim of this morning's attack. via @_batou_ URL",1
orphanage saved by bikini car wash URL URL,1
"vanessa hudgens' father, gregory hudgens, dies the night before ""grease: live"" URL URL",1
we must address the political marginalization and institutional racism affecting people of color. read my plan: URL,0
"the guardian front page, tuesday 12 january 2016: david bowie 1947-2016 URL",1
powell: don't 'pin' this on me: ex-secretary of state rejects clinton claim he 'told her to use' email server URL,1
"an open letter to trump voters from his top strategist: stop supporting him, he doesn't want to win URL",0
caitlyn jenner about to post nude for cover of sports illustrated.... üò≥,0
"nsw police confirm 5 hostages have emerged from #sydneysiege and they are negotiating: ""it might take a bit of time"" URL",1
breaking news: new york times is reporting the canadian soldier who was shot has died from their injuries. heartbreaking. #cdnpoli #ableg,1
"the 2016 race: no, the polling doesn‚Äôt prove bernie sanders won the hispanic vote in nevada URL",0
5p!!! hell no!!!!!! #5pbagcharge üòµüòµ URL,0
#charliehebdo - 11 dead including 2 police in paris shooting. photo @martinbureau1 #afp URL,1
"obama to skip nancy reagan's funeral, as he did scalia's. this time, he'll be attending sxsw: URL",0
"""i almost started crying ... but i didn't want them to make me the crying face instead of jordan."" --draymond green URL",1
the white house was lit up with rainbow lights to celebrate marriage equality: URL URL,1
#ripnathancirillo rt @globeandmail: soldier killed at war memorial identified as cpl. nathan cirillo #ottawashooting URL,1
"#whiteliberalproverbs"" i'll have them n*ggers voting democratic for the next two hundred years"". lbj, founder of the modern welfare state",0
nothing to see here. just nuggets forward wilson chandler catching a 350-pound fish: URL URL,1
jimmy fallon and sesame street characters photobomb families & it's seriously adorable: URL URL,1
"breaking news: gunmen take hostages at sydney cafe, wave islamic flag URL URL",1
"it's been 5 years since ""what makes you beautiful"" lit up our world like nobody else: URL URL",1
"on israeli tv, an israeli woman speaks of her nephew,a mother with 6 month old baby, held hostage in the supermarket in paris. #jesuisjuif",1
central sydney shut down by police amid ongoing hostage situation: URL,1
5p bag charge fi dead #robthisengland URL,0
uber sydney trips from cbd will be free for riders. higher rates are still in place to encourage drivers to get into the cbd.,1
what a rally for no. 1. oklahoma came back from 14 down and won 77-75 at lsu on this late jumper: URL,1
"man armed with knife on swiss train starts fire - seven people hospitalised with knife wounds and burns, police say URL",1
"500,000 boycott target over trans bathroom policy... URL",0
"the best thing about the 5p plastic bag charge is that the cupboard next to my sink is now worth ¬£672,348.",0
charlie hebdo shooting latest: 12 dead and gunmen still at large URL URL,1
purple pain: landmarks across globe light up in fitting prince tributes #ripprince URL URL,0
a man believed to be the gunman filmed wearing a black headband inside the cafe URL URL,1
"today's the day: if you don't have health insurance, make sure you #getcovered at URL now! URL",1
shots fired on parliament hill after a man walked up with a gun. i'm locked in a security office on parliament hill,1
layton police officer hospitalized after subway worker serves him meth and thc in his drink (video) URL,0
"woah, nature. URL URL",1
recap: gunman shot dead inside parliament buildings; police believe there may be others on loose. cdn soldier shot earlier at war memorial.,1
photos of the day URL URL,1
"hostage taker in sydney cafe demands isis flag and call with australian pm, sky news reports. URL #sydneysiege",1
mps credit sergeant-at-arms for saving lives in parliament hill shootings URL URL,1
"""laziness is a trait in blacks,"" 1991 book quotes trump as saying: URL URL",0
"these louisiana politicians are demanding flood aid, but voted against sandy relief URL URL",1
"update: 12 now confirmed dead in #charliehebdo attack in paris, @ap is reporting. story: URL (ap) URL",1
"at least 30 people killed in double blast near shia shrine of sayyida zeinab, south of damascus - syrian state media URL",1
we can see people coming out a firedoor near the lindt cafe to waiting police. 2-3 people. hard to see. #sydneysiege,1
hillary clinton is lying. clinton is not first woman nominated for president. it was victoria woodhull in 1872. to ‚Ä¶ URL,0
"obama to skip nancy reagan‚Äôs funeral, attend entertainment festival instead URL URL",0
.@potus will make his latest push to advance equal pay for women today URL URL,1
white house lit in rainbow colors following us supreme court ruling that same-sex couples have right to marry. URL,1
"we've devoted 24 pages to #batman v #superman, interviewing @zacksnyder, @benaffleck, henry cavill, @galgadot... URL",1
"‚Äòi can‚Äôt do this anymore,‚Äô think 320 million americans quietly going about day URL URL",1
we hope you're as excited about thursday as this kid was about lebron's easy basket: URL,1
target says boycott over transgender bathroom policy isn't hurting sales URL,0
french police still searching for woman who may have been accompanying 28-year-old man arrested at disneyland paris URL,1
an openly gay man said that he and his partner met with pope francis a day before kim davis did URL,1
watch: tommy chong made a pro-bernie sanders video URL URL,1
jeb bush campaign kicks off 3-state farewell tour with iowa town hall meeting URL URL,1
breaking: live coverage of hostage situation unfolding in sydney's martin place URL URL,1
‚Äúafter school satan clubs‚Äù? URL,0
this network of tunnels is from the stone age however no one knows how they could've been constructed at the time URL,0
"top north korean diplomat who disappeared from london embassy has defected to south korea, seoul confirms URL",1
